file,Class_p
002800.jpg,0
003851.jpg,0
004544.jpg,0
002710.jpg,0
004859.jpg,0
000063.jpg,0
001762.jpg,0
000391.jpg,0
001145.jpg,1
003106.jpg,3
002640.jpg,3
003275.jpg,3
003969.jpg,3
003249.jpg,3
000223.jpg,3
000818.jpg,3
000870.jpg,3
004848.jpg,3
003592.jpg,3
001275.jpg,3
003951.jpg,3
003451.jpg,3
000967.jpg,3
002633.jpg,3
004711.jpg,3
003404.jpg,3
004270.jpg,3
002617.jpg,3
004104.jpg,3
005038.jpg,3
002054.jpg,3
004218.jpg,3
000879.jpg,3
001457.jpg,3
000871.jpg,3
002247.jpg,3
001262.jpg,3
004846.jpg,3
000168.jpg,3
004810.jpg,3
003032.jpg,3
004762.jpg,3
002142.jpg,3
002343.jpg,3
002942.jpg,3
004811.jpg,3
002460.jpg,3
004575.jpg,3
001333.jpg,3
002746.jpg,3
004213.jpg,3
004823.jpg,6
000760.jpg,6
000171.jpg,6
002030.jpg,6
004641.jpg,6
003439.jpg,6
001809.jpg,6
001381.jpg,6
001437.jpg,6
002003.jpg,6
004174.jpg,6
000282.jpg,6
004829.jpg,6
000403.jpg,6
001529.jpg,6
003512.jpg,6
001058.jpg,6
004025.jpg,6
002469.jpg,6
000717.jpg,6
001596.jpg,6
002222.jpg,6
002266.jpg,6
002648.jpg,6
003170.jpg,6
002722.jpg,6
002899.jpg,6
002779.jpg,6
003640.jpg,6
003505.jpg,6
001959.jpg,12
003181.jpg,12
001798.jpg,12
002429.jpg,12
002870.jpg,12
000375.jpg,12
002427.jpg,22
003245.jpg,22
002688.jpg,24
004976.jpg,25
000772.jpg,25
001040.jpg,25
002106.jpg,25
001640.jpg,25
000266.jpg,25
003481.jpg,25
003379.jpg,25
004674.jpg,25
003454.jpg,25
002758.jpg,25
003539.jpg,25
004583.jpg,25
001713.jpg,25
002024.jpg,25
004589.jpg,25
002930.jpg,25
001434.jpg,25
001255.jpg,25
002157.jpg,27
000306.jpg,27
003436.jpg,27
000412.jpg,27
003735.jpg,27
002514.jpg,27
001580.jpg,27
002927.jpg,28
003516.jpg,28
000386.jpg,28
002747.jpg,28
001257.jpg,28
000807.jpg,28
002355.jpg,28
000260.jpg,28
004587.jpg,30
004709.jpg,30
003157.jpg,30
001559.jpg,30
001616.jpg,30
002919.jpg,30
000866.jpg,30
000231.jpg,30
000984.jpg,33
000149.jpg,33
002515.jpg,33
001660.jpg,33
000549.jpg,33
001963.jpg,33
004604.jpg,33
001265.jpg,33
001571.jpg,33
001663.jpg,33
003492.jpg,33
003690.jpg,33
001517.jpg,33
000028.jpg,33
003116.jpg,33
003819.jpg,33
002394.jpg,33
003773.jpg,39
001010.jpg,39
003472.jpg,39
004437.jpg,39
001156.jpg,39
000613.jpg,39
002572.jpg,39
000459.jpg,39
001583.jpg,39
003198.jpg,40
000813.jpg,43
002397.jpg,43
000278.jpg,43
001284.jpg,43
001013.jpg,43
003356.jpg,43
004286.jpg,43
000061.jpg,43
004332.jpg,43
003602.jpg,43
001425.jpg,43
003204.jpg,43
000594.jpg,43
002987.jpg,43
001439.jpg,43
001285.jpg,43
004448.jpg,43
001077.jpg,45
003599.jpg,45
000162.jpg,45
001202.jpg,45
002837.jpg,45
003130.jpg,45
002847.jpg,54
003140.jpg,54
004311.jpg,54
004994.jpg,54
001992.jpg,54
002358.jpg,54
004345.jpg,54
000928.jpg,54
000855.jpg,54
003391.jpg,54
004712.jpg,54
000863.jpg,54
004782.jpg,54
003833.jpg,54
002021.jpg,54
001657.jpg,54
003576.jpg,54
003291.jpg,54
001271.jpg,54
001697.jpg,54
003224.jpg,54
001438.jpg,54
005016.jpg,54
002011.jpg,54
001440.jpg,54
003720.jpg,54
003743.jpg,54
001383.jpg,54
004116.jpg,54
001129.jpg,54
001623.jpg,54
001380.jpg,54
003207.jpg,54
004955.jpg,54
004800.jpg,54
003545.jpg,54
000099.jpg,54
001187.jpg,54
001462.jpg,57
004874.jpg,64
002498.jpg,64
002707.jpg,64
003353.jpg,64
003109.jpg,64
003296.jpg,66
003342.jpg,66
001988.jpg,66
000979.jpg,66
000817.jpg,66
001428.jpg,66
004044.jpg,66
003281.jpg,66
000815.jpg,66
000542.jpg,66
002812.jpg,66
004452.jpg,66
002785.jpg,66
003920.jpg,66
001109.jpg,66
003820.jpg,66
000484.jpg,66
000289.jpg,67
003326.jpg,67
002945.jpg,67
003352.jpg,67
004873.jpg,69
000666.jpg,69
003308.jpg,72
003939.jpg,72
000158.jpg,72
001730.jpg,72
003528.jpg,72
003371.jpg,72
001912.jpg,72
004039.jpg,72
002996.jpg,72
000082.jpg,72
002901.jpg,72
003068.jpg,72
002630.jpg,72
003389.jpg,72
003983.jpg,72
001221.jpg,72
002101.jpg,72
004386.jpg,72
004410.jpg,76
001200.jpg,76
001794.jpg,76
004687.jpg,76
001101.jpg,76
004028.jpg,76
001786.jpg,76
001363.jpg,76
000074.jpg,76
004652.jpg,76
001048.jpg,76
001350.jpg,76
002742.jpg,76
001589.jpg,76
001655.jpg,76
003587.jpg,76
004190.jpg,76
004120.jpg,76
000823.jpg,76
001201.jpg,76
000224.jpg,78
001875.jpg,78
002096.jpg,78
000802.jpg,78
000213.jpg,78
002284.jpg,78
002858.jpg,78
003142.jpg,78
003315.jpg,78
002715.jpg,78
004617.jpg,78
000868.jpg,78
001351.jpg,78
001528.jpg,78
000139.jpg,78
004880.jpg,82
003682.jpg,82
004431.jpg,82
000729.jpg,82
000102.jpg,82
001154.jpg,82
001195.jpg,82
004649.jpg,82
003962.jpg,82
003711.jpg,82
002135.jpg,82
002741.jpg,82
003023.jpg,82
001473.jpg,82
000364.jpg,82
002407.jpg,82
000635.jpg,82
001000.jpg,82
002518.jpg,82
003295.jpg,82
000325.jpg,82
005115.jpg,82
004924.jpg,82
001463.jpg,82
001866.jpg,82
001315.jpg,82
003750.jpg,82
003054.jpg,82
000596.jpg,82
002935.jpg,82
000946.jpg,82
001334.jpg,82
001577.jpg,82
002824.jpg,82
003007.jpg,82
003573.jpg,82
003802.jpg,88
001818.jpg,88
001482.jpg,88
000397.jpg,88
000725.jpg,88
000844.jpg,88
000421.jpg,88
003993.jpg,88
004503.jpg,88
005107.jpg,88
004660.jpg,88
003063.jpg,88
003691.jpg,88
000973.jpg,88
003319.jpg,88
003729.jpg,88
003302.jpg,88
003804.jpg,88
002853.jpg,88
003282.jpg,88
000182.jpg,88
004907.jpg,88
000006.jpg,88
001219.jpg,88
003448.jpg,90
004864.jpg,90
004315.jpg,90
000124.jpg,90
004401.jpg,90
002969.jpg,90
004901.jpg,90
003757.jpg,90
003040.jpg,90
004642.jpg,90
002789.jpg,90
000378.jpg,90
003568.jpg,90
002012.jpg,94
004661.jpg,94
004610.jpg,94
000422.jpg,96
004483.jpg,96
004412.jpg,96
002701.jpg,96
000084.jpg,96
002641.jpg,96
004847.jpg,96
001698.jpg,96
001941.jpg,96
001506.jpg,96
003508.jpg,96
004235.jpg,96
000321.jpg,96
005100.jpg,96
002401.jpg,96
001253.jpg,96
000962.jpg,96
000837.jpg,96
003046.jpg,96
001925.jpg,97
001921.jpg,97
002026.jpg,97
000507.jpg,97
001923.jpg,97
003498.jpg,97
004442.jpg,97
004763.jpg,97
003794.jpg,97
003099.jpg,97
004647.jpg,97
004958.jpg,97
004067.jpg,97
002958.jpg,97
002223.jpg,97
000230.jpg,97
000322.jpg,100
004090.jpg,100
002311.jpg,100
004987.jpg,100
000767.jpg,100
000509.jpg,100
002108.jpg,100
002245.jpg,100
002383.jpg,100
004380.jpg,100
002435.jpg,100
001845.jpg,100
002363.jpg,100
001119.jpg,100
000170.jpg,100
002830.jpg,100
004942.jpg,100
003480.jpg,100
000059.jpg,100
003093.jpg,100
002175.jpg,100
005050.jpg,100
002534.jpg,100
001121.jpg,100
001937.jpg,100
000681.jpg,100
000985.jpg,100
005028.jpg,100
003662.jpg,100
003447.jpg,100
000488.jpg,100
000070.jpg,100
001985.jpg,100
000581.jpg,100
001683.jpg,100
004468.jpg,100
002331.jpg,100
001169.jpg,100
000944.jpg,100
001755.jpg,100
003161.jpg,100
000475.jpg,100
001063.jpg,100
005026.jpg,100
000651.jpg,100
002705.jpg,100
001281.jpg,100
000036.jpg,100
001180.jpg,100
003206.jpg,100
004968.jpg,100
000005.jpg,100
004297.jpg,100
003774.jpg,100
004411.jpg,100
003585.jpg,100
001906.jpg,100
002334.jpg,106
004738.jpg,106
004813.jpg,106
002985.jpg,106
000132.jpg,106
005109.jpg,106
000027.jpg,106
004072.jpg,106
004027.jpg,106
004510.jpg,106
002884.jpg,106
000856.jpg,108
001371.jpg,108
002680.jpg,108
001053.jpg,108
003561.jpg,108
004059.jpg,108
002304.jpg,108
002519.jpg,108
001006.jpg,108
002639.jpg,108
002462.jpg,108
000328.jpg,108
001002.jpg,108
001957.jpg,109
000040.jpg,109
003413.jpg,109
001650.jpg,114
004805.jpg,114
001458.jpg,114
003457.jpg,114
003474.jpg,114
002281.jpg,114
000363.jpg,114
001370.jpg,114
001631.jpg,114
003202.jpg,114
001403.jpg,115
001776.jpg,115
002076.jpg,115
003473.jpg,115
000675.jpg,115
003719.jpg,117
001033.jpg,124
003727.jpg,124
000629.jpg,124
001076.jpg,124
000901.jpg,124
004678.jpg,124
004002.jpg,124
000770.jpg,124
002091.jpg,124
003879.jpg,124
003112.jpg,124
004601.jpg,124
002856.jpg,124
004726.jpg,124
002485.jpg,124
000365.jpg,124
003633.jpg,124
002016.jpg,124
002129.jpg,124
000726.jpg,124
003506.jpg,124
002529.jpg,124
001534.jpg,124
001199.jpg,124
004621.jpg,124
001614.jpg,124
004675.jpg,124
003233.jpg,124
000650.jpg,124
000503.jpg,124
001707.jpg,124
001495.jpg,124
004212.jpg,124
003006.jpg,126
003756.jpg,126
003639.jpg,126
000698.jpg,126
004359.jpg,126
001576.jpg,126
002721.jpg,126
004751.jpg,126
001282.jpg,126
001190.jpg,126
000665.jpg,126
002478.jpg,126
003189.jpg,132
003972.jpg,132
001540.jpg,132
002565.jpg,132
003159.jpg,132
003615.jpg,132
000750.jpg,132
000341.jpg,132
001567.jpg,132
004063.jpg,132
000572.jpg,132
004434.jpg,132
002366.jpg,132
003053.jpg,132
004309.jpg,136
003856.jpg,136
003442.jpg,136
000428.jpg,136
005030.jpg,136
002841.jpg,136
003992.jpg,136
001172.jpg,136
003695.jpg,136
004764.jpg,136
002333.jpg,136
002944.jpg,136
001005.jpg,136
002756.jpg,136
004234.jpg,136
004005.jpg,136
001789.jpg,136
001047.jpg,136
002308.jpg,136
000274.jpg,136
002618.jpg,136
001134.jpg,136
003768.jpg,136
005024.jpg,136
002229.jpg,139
004835.jpg,139
002805.jpg,139
004818.jpg,139
004214.jpg,139
001297.jpg,139
000088.jpg,139
001115.jpg,139
004470.jpg,139
002627.jpg,139
002083.jpg,139
002580.jpg,139
002897.jpg,139
004831.jpg,139
004563.jpg,139
000573.jpg,139
001215.jpg,139
002278.jpg,139
003745.jpg,139
002061.jpg,139
004702.jpg,139
005088.jpg,139
004164.jpg,139
003786.jpg,139
000998.jpg,139
004780.jpg,139
003748.jpg,139
000926.jpg,139
004531.jpg,139
001643.jpg,139
001735.jpg,139
000545.jpg,139
003754.jpg,139
001362.jpg,139
002437.jpg,139
002250.jpg,142
000565.jpg,142
002873.jpg,142
002356.jpg,142
002956.jpg,142
002258.jpg,142
000512.jpg,142
003133.jpg,142
001514.jpg,142
004166.jpg,142
002977.jpg,142
000276.jpg,142
002541.jpg,142
004272.jpg,142
000846.jpg,142
000640.jpg,142
004379.jpg,142
002136.jpg,142
002766.jpg,142
000794.jpg,142
003009.jpg,142
002337.jpg,142
001982.jpg,142
003201.jpg,142
000425.jpg,142
004713.jpg,142
000065.jpg,145
004620.jpg,145
003395.jpg,145
000788.jpg,145
004840.jpg,145
000610.jpg,148
001895.jpg,151
001861.jpg,151
005056.jpg,151
001178.jpg,151
000720.jpg,151
003004.jpg,151
003533.jpg,151
000345.jpg,151
002970.jpg,151
001882.jpg,151
000588.jpg,151
000843.jpg,151
003684.jpg,151
002008.jpg,151
004669.jpg,151
000176.jpg,151
001067.jpg,151
004019.jpg,151
005147.jpg,151
004248.jpg,151
000790.jpg,151
004357.jpg,151
002689.jpg,151
001364.jpg,151
003699.jpg,151
000011.jpg,151
000741.jpg,151
000336.jpg,151
005052.jpg,151
004812.jpg,151
002525.jpg,151
003092.jpg,151
004836.jpg,151
002929.jpg,151
003129.jpg,151
001347.jpg,151
002802.jpg,151
004469.jpg,151
001379.jpg,153
004776.jpg,153
000556.jpg,153
001613.jpg,153
003637.jpg,153
004362.jpg,153
004570.jpg,153
001753.jpg,153
004793.jpg,153
004384.jpg,153
001057.jpg,153
003803.jpg,153
002531.jpg,153
001340.jpg,153
004698.jpg,153
003852.jpg,153
004489.jpg,153
002922.jpg,153
002711.jpg,153
002520.jpg,153
003604.jpg,153
002508.jpg,153
002062.jpg,153
004425.jpg,153
004443.jpg,153
004796.jpg,153
002712.jpg,153
002215.jpg,153
003146.jpg,153
005139.jpg,153
004890.jpg,153
000431.jpg,153
001133.jpg,153
002378.jpg,153
000526.jpg,153
000464.jpg,153
004066.jpg,153
002588.jpg,153
002864.jpg,153
002656.jpg,153
003125.jpg,153
001203.jpg,153
000987.jpg,153
002821.jpg,153
000259.jpg,153
001768.jpg,153
003322.jpg,153
000798.jpg,153
002767.jpg,153
001111.jpg,153
000564.jpg,153
004974.jpg,153
004996.jpg,153
000388.jpg,153
001241.jpg,153
002232.jpg,153
000876.jpg,153
001335.jpg,153
005064.jpg,153
003554.jpg,153
002214.jpg,153
004870.jpg,153
002979.jpg,153
000207.jpg,153
003423.jpg,153
003094.jpg,153
001911.jpg,153
001926.jpg,153
004755.jpg,153
002506.jpg,153
003974.jpg,153
003405.jpg,153
003026.jpg,153
002804.jpg,153
002967.jpg,153
003055.jpg,153
000406.jpg,153
000010.jpg,153
004106.jpg,153
001935.jpg,153
001965.jpg,153
003629.jpg,153
000414.jpg,153
004122.jpg,153
002843.jpg,153
002874.jpg,153
000455.jpg,153
001607.jpg,153
002657.jpg,153
001456.jpg,153
001933.jpg,153
001876.jpg,153
003813.jpg,153
001352.jpg,153
002468.jpg,153
003497.jpg,153
000552.jpg,153
001007.jpg,153
001026.jpg,153
003028.jpg,153
002972.jpg,153
000515.jpg,153
002285.jpg,153
004145.jpg,153
001749.jpg,153
000945.jpg,153
005087.jpg,153
003077.jpg,153
003330.jpg,153
001533.jpg,153
004656.jpg,153
004377.jpg,153
003952.jpg,153
001088.jpg,153
000477.jpg,153
002673.jpg,153
003646.jpg,153
002569.jpg,153
001831.jpg,153
004584.jpg,153
003489.jpg,153
003950.jpg,153
002850.jpg,153
002404.jpg,153
003229.jpg,153
003676.jpg,153
003345.jpg,153
001836.jpg,153
003208.jpg,153
004402.jpg,153
002928.jpg,153
002013.jpg,153
004667.jpg,153
002677.jpg,153
002100.jpg,153
002352.jpg,153
002890.jpg,153
001645.jpg,153
000621.jpg,153
001956.jpg,153
001844.jpg,153
002875.jpg,153
001770.jpg,153
001808.jpg,153
003241.jpg,153
004867.jpg,153
004494.jpg,153
002040.jpg,153
000996.jpg,153
002675.jpg,153
001104.jpg,153
001822.jpg,153
000532.jpg,153
004029.jpg,153
001422.jpg,153
004754.jpg,153
000211.jpg,153
001479.jpg,153
002533.jpg,153
003185.jpg,153
004413.jpg,153
002713.jpg,153
000472.jpg,153
001642.jpg,153
002084.jpg,153
001293.jpg,153
003795.jpg,153
001261.jpg,153
001051.jpg,153
002351.jpg,153
001858.jpg,153
000958.jpg,153
003311.jpg,153
004473.jpg,153
004479.jpg,153
000026.jpg,153
002372.jpg,153
005117.jpg,153
002301.jpg,153
000711.jpg,153
003313.jpg,153
003929.jpg,153
004705.jpg,153
004957.jpg,153
000114.jpg,153
000130.jpg,153
001880.jpg,153
001043.jpg,153
003427.jpg,153
002052.jpg,153
001569.jpg,153
004129.jpg,153
004374.jpg,153
003243.jpg,153
001922.jpg,153
004655.jpg,153
004506.jpg,153
000982.jpg,153
002465.jpg,153
001891.jpg,153
000900.jpg,153
002625.jpg,153
000216.jpg,153
003271.jpg,153
000835.jpg,153
002586.jpg,153
002866.jpg,153
003923.jpg,153
002953.jpg,153
004983.jpg,153
003455.jpg,153
004143.jpg,153
002968.jpg,153
004167.jpg,153
003401.jpg,153
004819.jpg,153
000812.jpg,153
002415.jpg,153
002575.jpg,153
003702.jpg,153
000847.jpg,153
000601.jpg,153
004832.jpg,153
001095.jpg,153
000795.jpg,153
002474.jpg,153
002484.jpg,153
001406.jpg,153
001157.jpg,153
004426.jpg,153
003184.jpg,153
001062.jpg,153
003703.jpg,153
000437.jpg,153
002152.jpg,153
001890.jpg,153
004169.jpg,153
000764.jpg,153
001627.jpg,153
000943.jpg,153
004580.jpg,153
004728.jpg,153
004861.jpg,153
000367.jpg,153
001728.jpg,153
003412.jpg,153
000119.jpg,153
003766.jpg,153
003419.jpg,153
003488.jpg,153
001851.jpg,153
000394.jpg,153
000894.jpg,153
002620.jpg,153
000301.jpg,153
002521.jpg,153
000128.jpg,153
001760.jpg,153
002895.jpg,153
001939.jpg,153
000400.jpg,153
003351.jpg,153
003016.jpg,153
002268.jpg,153
004231.jpg,153
003223.jpg,153
000952.jpg,153
004118.jpg,153
000145.jpg,153
004146.jpg,153
003672.jpg,153
004210.jpg,153
002092.jpg,153
005092.jpg,153
003272.jpg,153
002820.jpg,153
000186.jpg,153
002181.jpg,153
004498.jpg,153
000080.jpg,153
001042.jpg,153
002348.jpg,153
004666.jpg,153
003765.jpg,153
002904.jpg,153
004347.jpg,153
005124.jpg,153
005148.jpg,153
000076.jpg,153
003479.jpg,153
000308.jpg,153
001801.jpg,153
001073.jpg,153
003964.jpg,153
004148.jpg,153
002782.jpg,153
004172.jpg,153
004078.jpg,153
002773.jpg,153
003984.jpg,153
000849.jpg,153
003996.jpg,153
003324.jpg,153
003491.jpg,153
004706.jpg,153
001481.jpg,153
004381.jpg,153
004985.jpg,153
002560.jpg,153
004057.jpg,153
004592.jpg,153
002409.jpg,153
001377.jpg,153
003616.jpg,153
003697.jpg,153
001641.jpg,153
000822.jpg,153
003614.jpg,153
002194.jpg,153
004586.jpg,153
002077.jpg,153
003958.jpg,153
001689.jpg,153
001617.jpg,153
003240.jpg,153
003575.jpg,153
001171.jpg,153
004499.jpg,153
002087.jpg,153
000017.jpg,153
003526.jpg,153
001008.jpg,153
005086.jpg,153
003263.jpg,153
004849.jpg,153
004572.jpg,153
000404.jpg,153
000956.jpg,153
000719.jpg,153
000147.jpg,153
003084.jpg,153
001256.jpg,153
003535.jpg,153
000123.jpg,153
000351.jpg,153
001575.jpg,153
002391.jpg,153
004801.jpg,153
004567.jpg,153
004073.jpg,153
004477.jpg,153
004482.jpg,153
002239.jpg,153
004081.jpg,153
002653.jpg,153
003884.jpg,153
001465.jpg,153
005122.jpg,153
004201.jpg,153
003306.jpg,153
004114.jpg,153
001474.jpg,153
000632.jpg,153
001401.jpg,153
002794.jpg,153
001442.jpg,153
003304.jpg,153
002107.jpg,153
004668.jpg,153
003074.jpg,153
002488.jpg,153
001848.jpg,153
002015.jpg,153
001361.jpg,153
001955.jpg,153
002347.jpg,153
004308.jpg,153
003901.jpg,153
003260.jpg,153
001302.jpg,153
003552.jpg,153
000338.jpg,154
002288.jpg,154
003138.jpg,154
001354.jpg,154
003183.jpg,154
000934.jpg,154
004049.jpg,154
004803.jpg,154
002759.jpg,154
003465.jpg,154
003392.jpg,154
004571.jpg,154
002139.jpg,154
004366.jpg,154
000728.jpg,154
004688.jpg,154
000486.jpg,154
001496.jpg,154
003838.jpg,154
001498.jpg,154
004585.jpg,154
002242.jpg,154
004663.jpg,154
002454.jpg,154
000165.jpg,154
001725.jpg,154
001628.jpg,154
004208.jpg,154
000893.jpg,154
002345.jpg,154
003836.jpg,154
000220.jpg,154
002913.jpg,154
000702.jpg,154
004886.jpg,154
005097.jpg,154
000642.jpg,154
001815.jpg,154
002099.jpg,154
001774.jpg,154
001674.jpg,154
001843.jpg,154
000203.jpg,154
004034.jpg,154
002246.jpg,154
003478.jpg,154
000419.jpg,154
002809.jpg,154
000264.jpg,154
000291.jpg,154
002645.jpg,154
000004.jpg,154
004933.jpg,154
004892.jpg,154
001656.jpg,154
004977.jpg,154
004856.jpg,154
001278.jpg,154
003979.jpg,154
001672.jpg,154
004915.jpg,154
004842.jpg,154
004197.jpg,154
001018.jpg,154
001420.jpg,154
001122.jpg,154
003579.jpg,154
000052.jpg,154
002217.jpg,154
004249.jpg,154
005010.jpg,154
003127.jpg,154
001031.jpg,154
002380.jpg,154
002449.jpg,154
001636.jpg,154
003393.jpg,154
001289.jpg,154
003593.jpg,154
001142.jpg,154
000520.jpg,154
000786.jpg,154
005036.jpg,154
004628.jpg,154
000395.jpg,154
001837.jpg,154
002138.jpg,154
000742.jpg,154
004458.jpg,154
004735.jpg,154
003438.jpg,154
004525.jpg,154
003020.jpg,154
003753.jpg,154
001499.jpg,154
000416.jpg,154
001996.jpg,154
003463.jpg,154
003546.jpg,154
004541.jpg,154
000654.jpg,154
002623.jpg,154
004093.jpg,154
001056.jpg,154
001546.jpg,154
003893.jpg,154
003409.jpg,154
005095.jpg,154
002600.jpg,154
004147.jpg,154
004814.jpg,154
000768.jpg,154
000008.jpg,154
001709.jpg,154
004931.jpg,154
002599.jpg,154
002046.jpg,154
004906.jpg,154
003247.jpg,154
000848.jpg,154
003350.jpg,154
003101.jpg,154
003213.jpg,154
001426.jpg,154
003559.jpg,154
003500.jpg,154
001929.jpg,154
001526.jpg,154
004875.jpg,154
001710.jpg,154
002865.jpg,154
003441.jpg,154
001901.jpg,154
004241.jpg,154
001468.jpg,154
003797.jpg,154
003567.jpg,154
003078.jpg,154
000854.jpg,154
003914.jpg,154
003542.jpg,154
002984.jpg,154
001319.jpg,154
001562.jpg,154
002777.jpg,154
000239.jpg,154
002693.jpg,154
003469.jpg,154
003806.jpg,154
002421.jpg,160
004238.jpg,160
000432.jpg,160
001036.jpg,160
003215.jpg,160
000544.jpg,160
002428.jpg,160
001084.jpg,160
003928.jpg,160
003999.jpg,160
004798.jpg,160
001654.jpg,160
000825.jpg,160
002751.jpg,160
002326.jpg,160
002118.jpg,160
000655.jpg,160
002522.jpg,160
003376.jpg,160
004719.jpg,160
002187.jpg,160
001082.jpg,160
000579.jpg,160
003390.jpg,160
003653.jpg,160
002915.jpg,160
001054.jpg,160
002203.jpg,160
000591.jpg,160
004885.jpg,160
004918.jpg,160
004288.jpg,160
001721.jpg,160
003017.jpg,160
000101.jpg,160
004841.jpg,160
003232.jpg,160
001052.jpg,160
001862.jpg,160
003942.jpg,168
002702.jpg,168
002851.jpg,168
001209.jpg,168
004579.jpg,168
003731.jpg,168
003622.jpg,168
002591.jpg,168
002892.jpg,168
001899.jpg,168
001222.jpg,168
003100.jpg,168
004343.jpg,168
002403.jpg,168
002275.jpg,168
002951.jpg,168
004878.jpg,168
000976.jpg,168
001393.jpg,172
002614.jpg,172
001609.jpg,172
001877.jpg,172
000796.jpg,172
003953.jpg,172
000466.jpg,172
001817.jpg,172
003252.jpg,172
001466.jpg,172
002312.jpg,172
001612.jpg,172
001418.jpg,172
000779.jpg,172
002595.jpg,175
003415.jpg,175
005004.jpg,175
001833.jpg,175
000253.jpg,175
004913.jpg,175
004556.jpg,175
000571.jpg,175
004352.jpg,175
004101.jpg,175
004720.jpg,175
000827.jpg,175
005043.jpg,175
000034.jpg,175
004367.jpg,175
004923.jpg,177
004255.jpg,177
003858.jpg,177
001570.jpg,177
001299.jpg,177
002734.jpg,177
002891.jpg,177
001966.jpg,181
004439.jpg,181
004952.jpg,181
004992.jpg,181
003355.jpg,181
003632.jpg,181
003827.jpg,181
003258.jpg,181
004524.jpg,181
000639.jpg,181
001372.jpg,181
000143.jpg,181
004916.jpg,181
003003.jpg,181
004558.jpg,195
004037.jpg,195
000000.jpg,195
004336.jpg,195
005074.jpg,195
000067.jpg,195
001847.jpg,195
003763.jpg,195
003746.jpg,195
000483.jpg,195
004539.jpg,195
000710.jpg,195
002655.jpg,195
001060.jpg,196
003047.jpg,196
002567.jpg,196
001497.jpg,196
002887.jpg,196
002020.jpg,196
004435.jpg,196
000595.jpg,196
000608.jpg,196
004683.jpg,196
003898.jpg,196
000208.jpg,196
000057.jpg,196
002687.jpg,196
003380.jpg,198
001582.jpg,198
004225.jpg,198
002626.jpg,201
002032.jpg,201
001093.jpg,201
003890.jpg,201
002733.jpg,201
000686.jpg,201
005083.jpg,201
003943.jpg,201
001630.jpg,201
004136.jpg,201
002916.jpg,201
001017.jpg,201
001521.jpg,201
002254.jpg,201
003671.jpg,201
000830.jpg,201
000331.jpg,201
000349.jpg,201
004387.jpg,201
002029.jpg,201
002342.jpg,201
004103.jpg,201
003288.jpg,201
002464.jpg,201
004682.jpg,201
002292.jpg,201
001387.jpg,201
000884.jpg,201
002154.jpg,201
000038.jpg,201
002629.jpg,201
004636.jpg,202
004654.jpg,202
000853.jpg,202
000845.jpg,202
003980.jpg,202
004373.jpg,202
002386.jpg,202
004733.jpg,202
004512.jpg,202
001757.jpg,202
004757.jpg,202
003192.jpg,202
003878.jpg,202
001715.jpg,202
003114.jpg,202
001216.jpg,202
003623.jpg,208
004565.jpg,208
000181.jpg,208
000722.jpg,208
004608.jpg,208
003687.jpg,208
003706.jpg,208
005119.jpg,208
002907.jpg,208
003188.jpg,208
000776.jpg,208
001227.jpg,208
004748.jpg,208
004879.jpg,208
000491.jpg,208
000978.jpg,208
001405.jpg,208
001904.jpg,208
000766.jpg,208
002069.jpg,208
002126.jpg,208
000344.jpg,208
004304.jpg,208
004449.jpg,208
000580.jpg,208
005029.jpg,208
000658.jpg,208
004574.jpg,208
001894.jpg,208
003536.jpg,208
001011.jpg,208
003722.jpg,211
001081.jpg,211
000691.jpg,211
001277.jpg,211
000417.jpg,211
003751.jpg,211
005070.jpg,211
001700.jpg,211
002983.jpg,211
003044.jpg,211
000673.jpg,211
004009.jpg,211
001633.jpg,211
003079.jpg,211
004795.jpg,211
001867.jpg,211
003239.jpg,211
004152.jpg,211
001840.jpg,211
002980.jpg,211
003123.jpg,211
001124.jpg,211
001345.jpg,211
002300.jpg,211
001835.jpg,213
003476.jpg,213
000237.jpg,213
000687.jpg,213
003985.jpg,213
001298.jpg,213
001394.jpg,213
003636.jpg,213
003440.jpg,213
001719.jpg,213
003456.jpg,213
000413.jpg,213
004180.jpg,213
004533.jpg,213
003845.jpg,213
002097.jpg,213
004945.jpg,213
000191.jpg,213
002177.jpg,216
001775.jpg,216
004274.jpg,216
003270.jpg,216
002206.jpg,216
000273.jpg,217
002555.jpg,217
001191.jpg,217
000081.jpg,217
003349.jpg,217
003810.jpg,217
004055.jpg,217
003821.jpg,222
002095.jpg,222
002252.jpg,222
004440.jpg,222
002941.jpg,222
003446.jpg,222
000359.jpg,222
000164.jpg,222
002574.jpg,222
004054.jpg,222
003203.jpg,222
002982.jpg,222
000377.jpg,222
003312.jpg,222
004346.jpg,223
003869.jpg,223
002221.jpg,223
003360.jpg,223
003410.jpg,223
000288.jpg,223
004137.jpg,223
001313.jpg,223
003816.jpg,223
002918.jpg,226
000889.jpg,226
000649.jpg,226
002603.jpg,226
004474.jpg,226
001823.jpg,226
002664.jpg,226
000916.jpg,226
001777.jpg,226
004807.jpg,226
004230.jpg,226
002827.jpg,226
003809.jpg,237
003029.jpg,237
002294.jpg,237
005098.jpg,237
003216.jpg,237
003916.jpg,238
002973.jpg,238
003344.jpg,238
000448.jpg,240
003886.jpg,240
000771.jpg,240
003537.jpg,240
003166.jpg,240
003152.jpg,240
002338.jpg,240
002798.jpg,240
003885.jpg,240
004815.jpg,240
004035.jpg,240
000738.jpg,240
001132.jpg,240
003515.jpg,240
005101.jpg,244
003485.jpg,244
003840.jpg,246
002132.jpg,246
000441.jpg,246
000730.jpg,246
004119.jpg,246
000972.jpg,246
002293.jpg,246
000842.jpg,246
003443.jpg,247
003179.jpg,247
000250.jpg,247
004175.jpg,247
002663.jpg,247
002691.jpg,247
004465.jpg,247
001585.jpg,247
001572.jpg,247
004461.jpg,247
003524.jpg,247
003034.jpg,247
003164.jpg,247
004299.jpg,247
003104.jpg,247
001326.jpg,247
000482.jpg,247
000261.jpg,247
001516.jpg,247
000476.jpg,247
000694.jpg,247
004680.jpg,247
004986.jpg,247
001066.jpg,247
000442.jpg,247
003848.jpg,247
000587.jpg,247
001035.jpg,247
001658.jpg,247
004895.jpg,247
001174.jpg,247
004445.jpg,247
002863.jpg,247
001550.jpg,247
000194.jpg,247
001675.jpg,247
000506.jpg,247
003264.jpg,247
003588.jpg,249
000060.jpg,249
001118.jpg,249
004938.jpg,249
002382.jpg,249
003214.jpg,249
001927.jpg,249
001884.jpg,249
003894.jpg,249
001471.jpg,249
002305.jpg,249
004665.jpg,249
002540.jpg,249
001404.jpg,249
002117.jpg,249
002500.jpg,249
002186.jpg,249
003453.jpg,249
001508.jpg,249
001522.jpg,249
001599.jpg,249
003959.jpg,249
003618.jpg,249
002494.jpg,249
003000.jpg,249
000496.jpg,249
002283.jpg,249
004223.jpg,249
004094.jpg,249
002587.jpg,249
002133.jpg,249
001004.jpg,249
003723.jpg,249
003519.jpg,249
005008.jpg,249
002551.jpg,249
002790.jpg,249
003905.jpg,249
004396.jpg,249
002235.jpg,249
005049.jpg,249
002607.jpg,249
003718.jpg,249
004679.jpg,249
003550.jpg,249
004543.jpg,250
001126.jpg,250
002879.jpg,250
004681.jpg,252
002321.jpg,252
002167.jpg,256
000668.jpg,256
002398.jpg,256
001830.jpg,256
004096.jpg,256
003664.jpg,256
004973.jpg,256
001974.jpg,256
003904.jpg,256
003361.jpg,259
001868.jpg,259
000054.jpg,259
004912.jpg,259
000749.jpg,259
001500.jpg,259
004845.jpg,259
000498.jpg,259
002381.jpg,261
003680.jpg,261
001772.jpg,261
002313.jpg,261
000547.jpg,261
002908.jpg,261
004075.jpg,261
002018.jpg,261
000148.jpg,261
001727.jpg,261
003709.jpg,261
004760.jpg,261
000724.jpg,261
004594.jpg,261
000315.jpg,261
002902.jpg,261
004951.jpg,261
000975.jpg,261
000865.jpg,261
000474.jpg,261
001110.jpg,261
000263.jpg,261
004770.jpg,261
004909.jpg,261
001756.jpg,261
001268.jpg,261
003665.jpg,261
001279.jpg,261
002914.jpg,261
000903.jpg,261
000362.jpg,261
000527.jpg,261
000706.jpg,261
003995.jpg,261
001946.jpg,261
001144.jpg,261
002277.jpg,261
003294.jpg,261
004657.jpg,261
004043.jpg,261
000022.jpg,261
005111.jpg,261
004185.jpg,261
001665.jpg,261
000478.jpg,261
001898.jpg,261
002196.jpg,265
000055.jpg,265
004672.jpg,267
001206.jpg,267
000570.jpg,267
000964.jpg,267
001292.jpg,267
002994.jpg,271
000911.jpg,271
004341.jpg,271
000446.jpg,271
001357.jpg,271
003572.jpg,271
005068.jpg,271
002832.jpg,271
000304.jpg,271
004749.jpg,271
000493.jpg,271
000013.jpg,271
001427.jpg,271
001747.jpg,271
003608.jpg,271
003422.jpg,271
003363.jpg,273
004110.jpg,273
003434.jpg,273
002124.jpg,273
003095.jpg,273
000106.jpg,273
000309.jpg,273
001841.jpg,273
005021.jpg,274
004534.jpg,274
004242.jpg,274
002934.jpg,274
004824.jpg,274
002022.jpg,274
001188.jpg,274
003036.jpg,274
000110.jpg,274
000909.jpg,274
001741.jpg,274
001502.jpg,274
001469.jpg,274
002975.jpg,274
